url,name,address,city,state,phone
https://mashcpa.com/,Results,"îƒˆ2029 Verdugo Blvd #313, Montrose, CA 91020",Montrose,CA,î‚°(818) 561-8901
http://agopiancpa.com/,Results,"îƒˆ3639 Foothill Blvd Ste 211, Glendale, CA 91214",Glendale,CA,î‚°(818) 809-8470
https://www.jwjaccounting.com/contact/,Results,"îƒˆ3501 Ocean View Blvd, Glendale, CA 91208",Glendale,CA,î‚°(626) 440-1040
http://www.taxbreakcpa.com/,Results,"îƒˆ3501 Ocean View Blvd, Glendale, CA 91208",Glendale,CA,î‚°(818) 919-6566
http://www.sccpa.us/,Results,"îƒˆ3529 Ocean View Blvd, Glendale, CA 91208",Glendale,CA,î‚°(818) 249-9896
http://www.margaryancpa.com/,Results,"îƒˆ806 N Glendale Ave, Glendale, CA 91206",Glendale,CA,î‚°(818) 802-3060
http://www.brillianttax.com/,Results,"îƒˆ900 W Glenoaks Blvd Unit a, Glendale, CA 91202",Glendale,CA,î‚°(818) 408-7117
https://igaccountancyinc.com/,Results,"îƒˆ4502 Dyer St #103, La Crescenta-Montrose, CA 91214",La Crescenta-Montrose,CA,î‚°(818) 306-3000
http://www.caaccounting.com/contact.htm,Results,"îƒˆ300 W Glenoaks Blvd, Glendale, CA 91202",Glendale,CA,î‚°(877) 500-9290
http://smbcpagroup.com/,Results,"îƒˆ313 E Broadway Ste 10851, Glendale, CA 91209",Glendale,CA,î‚°(323) 568-1623
http://jeanrheecpa.com/,Results,"îƒˆ3750 Hillway Dr Unit A, Glendale, CA 91208",Glendale,CA,î‚°(213) 215-6429
http://www.roberthalltaxes.com/,Results,"îƒˆ300 W Glenoaks Blvd #200, Glendale, CA 91202",Glendale,CA,î‚°(818) 242-4888
https://www.gttaxcpa.com/,Results,"îƒˆ450 N Brand Blvd #600, Glendale, CA 91203",Glendale,CA,î‚°(818) 570-0071
http://www.ustaxguru.com/,Results,"îƒˆ2940 Montrose Ave #14, Glendale, CA 91214",Glendale,CA,î‚°(818) 241-4515
https://sunwoogroup.net/,Results,"îƒˆ450 N Brand Blvd Ste 664, Glendale, CA 91203",Glendale,CA,î‚°(347) 927-2223
https://www.advisorycpa.com/,Results,"îƒˆ330 N Brand Blvd Ste 1080, Glendale, CA 91203",Glendale,CA,î‚°(818) 245-8135
http://www.ogradycpa.com/,Results,"îƒˆ3539 Ocean View Blvd, Glendale, CA 91208",Glendale,CA,î‚°(818) 249-4830
http://www.mashaccounting.com/,Results,"îƒˆ500 N Central Ave Ste 600, Glendale, CA 91203",Glendale,CA,î‚°(818) 945-6274
http://www.avetisyancpa.com/,Results,"îƒˆ1220 S Central Ave #202, Glendale, CA 91204",Glendale,CA,î‚°(818) 500-7117
http://mcneliscpa.com/,Results,"îƒˆ2550 Honolulu Ave Unit 207, Montrose, CA 91020",Montrose,CA,î‚°(818) 546-1094
http://www.donnauzunowcpa.com/,Results,"îƒˆ3501 Ocean View Blvd, Glendale, CA 91208",Glendale,CA,î‚°(818) 919-6566
http://kellzigroup.com/,Results,,Verdugo City,CA,î‚°(818) 495-5380
https://kassabiancpa.com/,Results,"îƒˆ3639 Foothill Blvd UNIT 203, Glendale, CA 91214",Glendale,CA,î‚°(818) 841-9000
https://www.difuscotax.com/,Results,"îƒˆ3815 Los Olivos Ln, La Crescenta-Montrose, CA 91214",La Crescenta-Montrose,CA,î‚°(818) 248-9779
https://pncpafirm.com/,Results,"îƒˆ500 N Brand Blvd Ste 1220, Glendale, CA 91203",Glendale,CA,î‚°(818) 396-0705
http://seraccounting.com/,Results,"îƒˆ6100 San Fernando Rd Ste 207, Glendale, CA 91201",Glendale,CA,î‚°(818) 403-5052
http://www.svfaccounting.com/,Results,"îƒˆ1241 S Glendale Ave #305b, Glendale, CA 91205",Glendale,CA,î‚°(818) 839-2139
http://www.csccpa.com/,Results,"îƒˆ3239 N Verdugo Rd, Glendale, CA 91208",Glendale,CA,î‚°(818) 249-2085
https://gsr-cpa.com/,Results,"îƒˆ410 Arden Ave #205, Glendale, CA 91203",Glendale,CA,î‚°(818) 369-3998
http://www.muncpas.com/,Results,"îƒˆ330 N Brand Blvd #1190, Glendale, CA 91203",Glendale,CA,î‚°(818) 956-1681
http://mmcpaservices.com/,Results,"îƒˆ615 W Milford St, Glendale, CA 91203",Glendale,CA,î‚°(213) 536-1121
http://www.theaccountancy.com/,Results,"îƒˆ500 N Brand Blvd Ste 1930, Glendale, CA 91203",Glendale,CA,î‚°(818) 547-5701
http://www.ias.company/,Results,"îƒˆ100 W Broadway Ste 900, Glendale, CA 91210",Glendale,CA,î‚°(818) 963-5928
http://www.lacpa.com/,Results,"îƒˆ200 N Maryland Ave #302, Glendale, CA 91206",Glendale,CA,î‚°(818) 242-7800
http://www.arlencpa.com/,Results,"îƒˆ220 S Kenwood St, Glendale, CA 91205",Glendale,CA,î‚°(818) 502-1040
http://trvcpa.com/,Results,"îƒˆ3800 La Crescenta Ave Unit 205, Glendale, CA 91214",Glendale,CA,î‚°(818) 236-2515
https://sharpaccountancy.com/,Results,"îƒˆ450 N Brand Blvd #600, Glendale, CA 91203",Glendale,CA,î‚°(818) 291-6407
https://www.rmjr-tax-accounting.com/la-canada-flintridge-ca,Results,"îƒˆ1369 Foothill Blvd, La CaÃ±ada Flintridge, CA 91011",La CaÃ±ada Flintridge,CA,î‚°(818) 928-2225
https://www.hightechaccount.com/,Results,"îƒˆ330 W Arden Ave #220, Glendale, CA 91203",Glendale,CA,î‚°(818) 244-6244
https://jorgebincpa.com/,Results,"îƒˆ1830 N Verdugo Rd, Glendale, CA 91208",Glendale,CA,î‚°(818) 613-1777
https://accountantpartners.com/small-business-accountant-glendale/,Results,"îƒˆ401 N Louise St, Glendale, CA 91206",Glendale,CA,î‚°(623) 267-3399
http://angelzhencpa.com/,Results,,Verdugo City,CA,î‚°(424) 454-7018
https://www.backofficepeople.com/,Results,"îƒˆ2953 Honolulu Ave Ste 4, La Crescenta-Montrose, CA 91214",La Crescenta-Montrose,CA,î‚°(818) 539-4665
http://russ-allcroft.com/,Results,"îƒˆ741 Glenvia St Ste 100, Glendale, CA 91206",Glendale,CA,î‚°(818) 247-8260
https://hb.cpa/,Results,"îƒˆ500 N Brand Blvd #800, Glendale, CA 91203",Glendale,CA,î‚°(818) 637-5000
https://farsakhco.com/about-us/,Results,"îƒˆ101 N Verdugo Rd #9231, Glendale, CA 91226",Glendale,CA,î‚°(800) 413-0745
http://www.tabscotax.com/,Results,"îƒˆ3616 Foothill Blvd, Glendale, CA 91214",Glendale,CA,î‚°(323) 257-9597
https://aghaccountancy.com/,Results,"îƒˆ2626 Foothill Blvd #204, La Crescenta-Montrose, CA 91214",La Crescenta-Montrose,CA,î‚°(747) 224-1960
http://www.montesandcompany.com/,Results,"îƒˆ1809 W Burbank Blvd # A, Burbank, CA 91506",Burbank,CA,î‚°(818) 558-6210
https://businesstaxesandmore.com/,Results,"îƒˆ4455 Rockland Pl Apt 10, La CaÃ±ada Flintridge, CA 91011",La CaÃ±ada Flintridge,CA,î‚°(818) 241-4515
http://www.inttaxaccounting.com/,Results,"îƒˆ6451 Tokay Rd, Tujunga, CA 91042",Tujunga,CA,î‚°(818) 627-5294
http://www.ctssolutions.com/,Results,"îƒˆ3436 N Verdugo Rd #210, Glendale, CA 91208",Glendale,CA,î‚°(818) 542-6902
https://www.counselcpas.com/,Results,"îƒˆ101 N Brand Blvd #1230, Glendale, CA 91203",Glendale,CA,î‚°(661) 529-2727
http://jlkrosenberger.com/,Results,"îƒˆ801 N Brand Blvd #550, Glendale, CA 91203",Glendale,CA,î‚°(818) 334-8623
https://www.mccordcpa.com/contact.php,Results,"îƒˆ1030 Foothill Blvd, La CaÃ±ada Flintridge, CA 91011",La CaÃ±ada Flintridge,CA,î‚°(818) 790-7252
https://www.gerberco.com/,Results,"îƒˆ1880 Century Pk E Second Floor, Los Angeles, CA 90067",Los Angeles,CA,î‚°(310) 552-1600
https://pedrajaandassociates.taxdome.com/,Results,"îƒˆ3018 Brookhill St, La Crescenta-Montrose, CA 91214",La Crescenta-Montrose,CA,î‚°(818) 434-4913
http://www.arahcpa.com/,Results,"îƒˆ290 E Verdugo Ave Ste 204, Burbank, CA 91502",Burbank,CA,î‚°(818) 582-5945
http://www.yousefiancpa.com/,Results,"îƒˆ1010 N Central Ave #223, Glendale, CA 91202",Glendale,CA,î‚°(818) 241-9020
http://www.ohancpa.com/about/about-us,Results,"îƒˆ100 N Brand Blvd, Glendale, CA 91203",Glendale,CA,î‚°(818) 550-8324
https://www.ohancpa.com/,Results,"îƒˆ100 N Brand Blvd #303, Glendale, CA 91203",Glendale,CA,î‚°(818) 550-8324
https://americancpaprofessional.live/,Results,"îƒˆ954 Foothill Blvd, La CaÃ±ada Flintridge, CA 91011",La CaÃ±ada Flintridge,CA,
https://www.kantemantax.com/,Results,"îƒˆ3624 Foothill Blvd #1, La Crescenta-Montrose, CA 91214",La Crescenta-Montrose,CA,î‚°(818) 275-0493
https://www.primetaxandbookkeeping.com/,Results,"îƒˆ1010 N Central Ave Ste 314, Glendale, CA 91202",Glendale,CA,î‚°(818) 568-0380
https://lolita-tax.com/,Results,"îƒˆ201 N Brand Blvd Unit 229, Glendale, CA 91203",Glendale,CA,î‚°(818) 207-5037
https://www.blockadvisors.com/tax-office-near-me/california/glendale/4316/?otppartnerid=9308&campaignid=pw_mcm_9308_9762&utm_medium=local,Results,"îƒˆ520 N Central Ave Ste 101, Glendale, CA 91203",Glendale,CA,î‚°(818) 502-1371
https://eckenrodtax.com/,Results,"îƒˆ4343 Chevy Chase Dr, La CaÃ±ada Flintridge, CA 91011",La CaÃ±ada Flintridge,CA,î‚°(818) 952-2418
https://taxplusandservices.com/,Results,"îƒˆ1218 S Glendale Ave, Glendale, CA 91205",Glendale,CA,î‚°(818) 291-0710
https://www.taxallianceconsulting.com/,Results,"îƒˆ130 N Brand Blvd Ste 207, Glendale, CA 91203",Glendale,CA,î‚°(818) 434-3997
